latitude,longitude,date_time,cluster
40.01229,116.297072,2008-10-28 00:38:26,1
40.012594,116.297269,2008-10-28 00:38:31,1
40.012581,116.29726299999999,2008-10-28 00:38:36,1
40.012453,116.297177,2008-10-28 00:38:41,1
40.012398,116.297133,2008-10-28 00:38:46,1
40.012398,116.297133,2008-10-28 00:38:49,1
40.012391,116.297133,2008-10-28 00:38:51,1
40.012395,116.29716200000001,2008-10-28 00:38:56,1
40.012429,116.297183,2008-10-28 00:39:01,1
40.012478,116.29721200000002,2008-10-28 00:39:06,1
40.012503,116.29723100000001,2008-10-28 00:39:11,1
40.01254,116.29726799999999,2008-10-28 00:39:16,1
40.012576,116.297274,2008-10-28 00:39:21,1
40.012584999999994,116.297261,2008-10-28 00:39:26,1
40.012588,116.29723899999999,2008-10-28 00:39:31,1
40.012558,116.29720900000001,2008-10-28 00:39:36,1
40.012523,116.297173,2008-10-28 00:39:41,1
40.01254,116.29717600000001,2008-10-28 00:39:46,1
40.012449,116.297124,2008-10-28 00:39:51,1
40.012488,116.29715700000001,2008-10-28 00:39:56,1
40.012549,116.29716,2008-10-28 00:40:01,1
40.012568,116.29716499999999,2008-10-28 00:40:06,1
40.012644,116.297215,2008-10-28 00:40:11,1
40.012658,116.29723999999999,2008-10-28 00:40:16,1
40.012658,116.29723999999999,2008-10-28 00:40:19,1
40.012653,116.297247,2008-10-28 00:40:21,1
40.012584000000004,116.297184,2008-10-28 00:40:26,1
40.011744,116.296799,2008-10-28 00:40:31,1
40.011703999999995,116.296803,2008-10-28 00:40:36,1
40.01167,116.2968,2008-10-28 00:40:41,1
40.011664,116.296797,2008-10-28 00:40:46,1
40.01166,116.296798,2008-10-28 00:40:51,1
40.011664,116.296805,2008-10-28 00:40:56,1
40.011671,116.296811,2008-10-28 00:41:01,1
40.011668,116.29681000000001,2008-10-28 00:41:06,1
40.011668,116.29681000000001,2008-10-28 00:41:09,1
40.011661,116.296803,2008-10-28 00:41:11,1
40.011652000000005,116.2968,2008-10-28 00:41:16,1
40.011635,116.296777,2008-10-28 00:41:21,1
40.011602,116.296769,2008-10-28 00:41:26,1
40.011552,116.29675300000001,2008-10-28 00:41:31,1
40.011552,116.29675300000001,2008-10-28 00:41:34,1
40.011546,116.29675,2008-10-28 00:41:36,1
40.011537,116.296728,2008-10-28 00:41:41,1
40.01153,116.29670700000001,2008-10-28 00:41:46,1
40.011463,116.296676,2008-10-28 00:41:51,1
40.011644,116.29693200000001,2008-10-28 00:50:51,1
40.011665,116.29692800000001,2008-10-28 00:51:01,1
40.011666,116.29688700000001,2008-10-28 00:51:06,1
40.011666,116.29688700000001,2008-10-28 00:51:09,1
40.011666,116.296884,2008-10-28 00:51:11,1
40.011676,116.296881,2008-10-28 00:51:16,1
40.011676,116.296881,2008-10-28 00:51:19,1
40.011681,116.296885,2008-10-28 00:51:21,1
40.01169,116.29687,2008-10-28 00:51:26,1
40.011703999999995,116.296865,2008-10-28 00:51:31,1
40.01168,116.296874,2008-10-28 00:51:36,1
40.011653,116.296874,2008-10-28 00:51:41,1
40.011653,116.296874,2008-10-28 00:51:44,1
40.011656,116.29688,2008-10-28 00:51:46,1
40.011666999999996,116.29688700000001,2008-10-28 00:51:51,1
40.011641999999995,116.29691799999999,2008-10-28 00:51:56,1
40.011578,116.29693300000001,2008-10-28 00:52:01,1
40.011555,116.29694599999999,2008-10-28 00:52:06,1
40.011594,116.29696499999999,2008-10-28 00:52:11,1
40.011644,116.29694599999999,2008-10-28 00:52:16,1
40.011666999999996,116.296943,2008-10-28 00:52:21,1
40.011693,116.29696000000001,2008-10-28 00:52:26,1
40.011742,116.296971,2008-10-28 00:52:31,1
40.011764,116.29696100000001,2008-10-28 00:52:36,1
40.01178,116.296974,2008-10-28 00:52:41,1
40.011825,116.296957,2008-10-28 00:52:51,1
40.011798,116.296978,2008-10-28 00:52:56,1
40.011683000000005,116.296947,2008-10-28 00:53:01,1
40.011631,116.296954,2008-10-28 00:53:06,1
40.011608,116.296944,2008-10-28 00:53:11,1
40.011613,116.29691499999998,2008-10-28 00:53:16,1
40.011646,116.296885,2008-10-28 00:53:21,1
40.011686,116.296876,2008-10-28 00:53:26,1
40.011686,116.296876,2008-10-28 00:53:29,1
40.01168,116.29688200000001,2008-10-28 00:53:31,1
40.011666999999996,116.296907,2008-10-28 00:53:36,1
40.011664,116.296917,2008-10-28 00:53:41,1
40.011645,116.29691799999999,2008-10-28 00:53:46,1
40.01163,116.296898,2008-10-28 00:53:51,1
40.01162,116.296846,2008-10-28 00:53:56,1
40.011615,116.296805,2008-10-28 00:54:01,1
40.011596000000004,116.29678,2008-10-28 00:54:06,1
40.011573999999996,116.296756,2008-10-28 00:54:11,1
40.011573999999996,116.296756,2008-10-28 00:54:14,1
40.011565999999995,116.29676,2008-10-28 00:54:16,1
40.011564,116.296748,2008-10-28 00:54:21,1
40.011579,116.29678999999999,2008-10-28 00:54:26,1
40.011589,116.29683999999999,2008-10-28 00:54:31,1
40.01161,116.296875,2008-10-28 00:54:36,1
40.01163,116.29693799999998,2008-10-28 00:54:41,1
40.011659,116.29701299999999,2008-10-28 00:54:46,1
40.011694,116.29709299999999,2008-10-28 00:54:51,1
40.011598,116.29688700000001,2008-10-28 00:54:56,1
40.011604,116.296875,2008-10-28 00:55:01,1
40.01161,116.296885,2008-10-28 00:55:06,1
40.011617,116.29688200000001,2008-10-28 00:55:11,1
40.011621000000005,116.296874,2008-10-28 00:55:16,1
40.011623,116.29687,2008-10-28 00:55:21,1
40.011628,116.29686799999999,2008-10-28 00:55:26,1
40.011635999999996,116.296871,2008-10-28 00:55:31,1
40.011635999999996,116.296871,2008-10-28 00:55:34,1
40.011641999999995,116.296875,2008-10-28 00:55:36,1
40.011651,116.296866,2008-10-28 00:55:41,1
40.011649,116.29684499999999,2008-10-28 00:55:46,1
40.01162,116.296834,2008-10-28 00:55:51,1
40.011611,116.29686799999999,2008-10-28 00:55:56,1
40.011621000000005,116.296894,2008-10-28 00:56:01,1
40.011615,116.29690900000001,2008-10-28 00:56:06,1
40.011628,116.296931,2008-10-28 00:56:11,1
40.011619,116.296935,2008-10-28 00:56:16,1
40.011619,116.296917,2008-10-28 00:56:21,1
40.011619,116.296917,2008-10-28 00:56:24,1
40.011613,116.29691399999999,2008-10-28 00:56:26,1
40.011599,116.29690900000001,2008-10-28 00:56:31,1
40.011565000000004,116.29688300000001,2008-10-28 00:56:36,1
40.011584,116.29688200000001,2008-10-28 00:56:41,1
40.011577,116.29686699999999,2008-10-28 00:56:46,1
40.011577,116.29686699999999,2008-10-28 00:56:49,1
40.011584,116.296861,2008-10-28 00:56:51,1
40.011575,116.296848,2008-10-28 00:56:56,1
40.011573999999996,116.29681200000002,2008-10-28 00:57:01,1
40.011573999999996,116.29681200000002,2008-10-28 00:57:04,1
40.011575,116.29681299999999,2008-10-28 00:57:06,1
40.011581,116.29680400000001,2008-10-28 00:57:11,1
40.011581,116.29680400000001,2008-10-28 00:57:14,1
40.011585,116.29680900000001,2008-10-28 00:57:16,1
40.011590000000005,116.296819,2008-10-28 00:57:21,1
40.011590000000005,116.296819,2008-10-28 00:57:24,1
40.011598,116.296821,2008-10-28 00:57:26,1
40.011608,116.296819,2008-10-28 00:57:31,1
40.011604,116.296838,2008-10-28 00:57:36,1
40.011606,116.29685800000001,2008-10-28 00:57:41,1
40.011613,116.296865,2008-10-28 00:57:46,1
40.01162,116.296869,2008-10-28 00:57:51,1
40.01162,116.296869,2008-10-28 00:57:54,1
40.011618,116.296877,2008-10-28 00:57:56,1
40.011609,116.29688999999999,2008-10-28 00:58:01,1
40.011624,116.296869,2008-10-28 00:58:06,1
40.011634,116.296849,2008-10-28 00:58:11,1
40.011641999999995,116.296872,2008-10-28 00:58:16,1
40.011629,116.296888,2008-10-28 00:58:21,1
40.011607,116.29690900000001,2008-10-28 00:58:26,1
40.011586,116.29691000000001,2008-10-28 00:58:31,1
40.011586,116.29691000000001,2008-10-28 00:58:34,1
40.011578,116.296917,2008-10-28 00:58:36,1
40.011575,116.296901,2008-10-28 00:58:41,1
40.011586,116.296947,2008-10-28 00:58:46,1
40.011612,116.29696299999999,2008-10-28 00:58:51,1
40.011621000000005,116.29694099999999,2008-10-28 00:58:56,1
40.011631,116.296898,2008-10-28 00:59:01,1
40.011626,116.296871,2008-10-28 00:59:06,1
40.01162,116.29685,2008-10-28 00:59:11,1
40.011614,116.29686399999999,2008-10-28 00:59:16,1
40.011623,116.29685800000001,2008-10-28 00:59:21,1
40.011623,116.29685800000001,2008-10-28 00:59:24,1
40.01163,116.296853,2008-10-28 00:59:26,1
40.011581,116.296828,2008-10-28 00:59:31,1
40.011584,116.296806,2008-10-28 00:59:36,1
40.011584,116.296806,2008-10-28 00:59:39,1
40.011588,116.29680900000001,2008-10-28 00:59:41,1
40.011609,116.296829,2008-10-28 00:59:46,1
40.011615,116.296843,2008-10-28 00:59:51,1
40.011626,116.296888,2008-10-28 00:59:56,1
40.011595,116.296916,2008-10-28 01:00:01,1
40.011583,116.29694199999999,2008-10-28 01:00:06,1
40.011588,116.296967,2008-10-28 01:00:11,1
40.011590999999996,116.29696100000001,2008-10-28 01:00:16,1
40.011596999999995,116.296953,2008-10-28 01:00:21,1
40.011599,116.296958,2008-10-28 01:00:26,1
40.011599,116.296958,2008-10-28 01:00:29,1
40.011596000000004,116.296958,2008-10-28 01:00:31,1
40.011612,116.296947,2008-10-28 01:00:36,1
40.01161,116.296924,2008-10-28 01:00:41,1
40.011596999999995,116.29693,2008-10-28 01:00:46,1
40.011578,116.296947,2008-10-28 01:00:51,1
40.01155,116.29695500000001,2008-10-28 01:00:56,1
40.011528000000006,116.29697,2008-10-28 01:01:01,1
40.011518,116.297001,2008-10-28 01:01:06,1
40.011517,116.297018,2008-10-28 01:01:11,1
40.011515,116.29704299999999,2008-10-28 01:01:16,1
40.011515,116.29704299999999,2008-10-28 01:01:19,1
40.011514,116.297045,2008-10-28 01:01:21,1
40.011503000000005,116.29703799999999,2008-10-28 01:01:26,1
40.011472999999995,116.29701499999999,2008-10-28 01:01:31,1
40.011463,116.29703,2008-10-28 01:01:36,1
40.011472999999995,116.297074,2008-10-28 01:01:41,1
40.011477,116.297109,2008-10-28 01:01:46,1
40.011459,116.297106,2008-10-28 01:01:51,1
40.011445,116.297099,2008-10-28 01:01:56,1
40.011445,116.29711499999999,2008-10-28 01:02:01,1
40.011452,116.29713000000001,2008-10-28 01:02:06,1
40.011466999999996,116.29711599999999,2008-10-28 01:02:11,1
40.01147,116.297128,2008-10-28 01:02:16,1
40.01146,116.29713000000001,2008-10-28 01:02:21,1
40.011451,116.29714299999999,2008-10-28 01:02:26,1
40.011452,116.297152,2008-10-28 01:02:31,1
40.011456,116.297154,2008-10-28 01:02:36,1
40.011456,116.297154,2008-10-28 01:02:39,1
40.011455,116.297156,2008-10-28 01:02:41,1
40.011425,116.297154,2008-10-28 01:02:46,1
40.011176,116.29701999999999,2008-10-28 01:06:01,1
40.011171999999995,116.296994,2008-10-28 01:06:06,1
40.011154,116.296982,2008-10-28 01:06:11,1
40.011140999999995,116.296978,2008-10-28 01:06:16,1
40.011158,116.296998,2008-10-28 01:06:21,1
40.011158,116.296998,2008-10-28 01:06:24,1
40.011157,116.296996,2008-10-28 01:06:26,1
40.011181,116.297004,2008-10-28 01:06:31,1
40.011231,116.297031,2008-10-28 01:06:36,1
40.01125,116.29703,2008-10-28 01:06:41,1
40.011257,116.297027,2008-10-28 01:06:46,1
40.01125,116.29703400000001,2008-10-28 01:06:51,1
40.01125,116.29703400000001,2008-10-28 01:06:54,1
40.01125,116.29703500000001,2008-10-28 01:06:56,1
40.011235,116.297024,2008-10-28 01:07:01,1
40.011218,116.29700600000001,2008-10-28 01:07:06,1
40.011198,116.29700000000001,2008-10-28 01:07:11,1
40.011177,116.297001,2008-10-28 01:07:16,1
40.011183,116.29701200000001,2008-10-28 01:07:21,1
40.011183,116.29701200000001,2008-10-28 01:07:24,1
40.011182,116.29701499999999,2008-10-28 01:07:26,1
40.011173,116.29700600000001,2008-10-28 01:07:31,1
40.011163,116.296966,2008-10-28 01:07:36,1
40.011163,116.296966,2008-10-28 01:07:39,1
40.011171000000004,116.29696499999999,2008-10-28 01:07:41,1
40.011183,116.29696799999999,2008-10-28 01:07:46,1
40.011183,116.29696799999999,2008-10-28 01:07:49,1
40.011179999999996,116.296974,2008-10-28 01:07:51,1
40.011165000000005,116.296954,2008-10-28 01:07:56,1
40.011128,116.296925,2008-10-28 01:08:01,1
40.011119,116.296921,2008-10-28 01:08:06,1
40.011119,116.296921,2008-10-28 01:08:09,1
40.011126000000004,116.296925,2008-10-28 01:08:11,1
40.011109000000005,116.29694199999999,2008-10-28 01:08:16,1
40.011076,116.296925,2008-10-28 01:08:21,1
40.011066,116.29693,2008-10-28 01:08:26,1
40.011043,116.296897,2008-10-28 01:08:31,1
40.011019,116.29690900000001,2008-10-28 01:08:36,1
40.010981,116.29692800000001,2008-10-28 01:08:41,1
40.010928,116.296897,2008-10-28 01:08:46,1
40.010891,116.296852,2008-10-28 01:08:51,1
40.010915999999995,116.29686000000001,2008-10-28 01:08:56,1
40.010915999999995,116.29686000000001,2008-10-28 01:08:59,1
40.010923999999996,116.296862,2008-10-28 01:09:01,1
40.010932000000004,116.296823,2008-10-28 01:09:06,1
40.010953,116.29679399999999,2008-10-28 01:09:11,1
40.01097,116.296779,2008-10-28 01:09:16,1
40.010993,116.296779,2008-10-28 01:09:21,1
40.011016999999995,116.29678600000001,2008-10-28 01:09:26,1
40.011016999999995,116.29678600000001,2008-10-28 01:09:29,1
40.011009,116.296792,2008-10-28 01:09:31,1
40.011007,116.29680400000001,2008-10-28 01:09:36,1
40.011006,116.29683999999999,2008-10-28 01:09:41,1
40.011008000000004,116.296849,2008-10-28 01:09:46,1
40.011004,116.296847,2008-10-28 01:09:51,1
40.011007,116.29683999999999,2008-10-28 01:09:56,1
40.011009,116.296844,2008-10-28 01:10:01,1
40.011009,116.296844,2008-10-28 01:10:04,1
40.011005,116.296847,2008-10-28 01:10:06,1
40.010994000000004,116.296844,2008-10-28 01:10:11,1
40.010994000000004,116.296844,2008-10-28 01:10:14,1
40.010989,116.29683999999999,2008-10-28 01:10:16,1
40.010979999999996,116.296833,2008-10-28 01:10:21,1
40.010971000000005,116.29685900000001,2008-10-28 01:10:26,1
40.010971000000005,116.29685900000001,2008-10-28 01:10:29,1
40.01097,116.29686299999999,2008-10-28 01:10:31,1
40.010926,116.296843,2008-10-28 01:10:36,1
40.010882,116.29682700000001,2008-10-28 01:10:41,1
40.010867,116.29681000000001,2008-10-28 01:10:46,1
40.010847,116.296778,2008-10-28 01:10:51,1
40.010831,116.29676299999998,2008-10-28 01:10:56,1
40.010821,116.296805,2008-10-28 01:11:01,1
40.010788,116.29681200000002,2008-10-28 01:11:06,1
40.010736,116.296826,2008-10-28 01:11:11,1
40.010709000000006,116.296856,2008-10-28 01:11:16,1
40.010721000000004,116.296879,2008-10-28 01:11:21,1
40.010712,116.29687,2008-10-28 01:11:26,1
40.010673,116.29686000000001,2008-10-28 01:11:31,1
40.010609,116.296876,2008-10-28 01:11:36,1
40.01057,116.296861,2008-10-28 01:11:41,1
40.01057,116.296861,2008-10-28 01:11:44,1
40.010577000000005,116.29686000000001,2008-10-28 01:11:46,1
40.010557,116.296851,2008-10-28 01:11:51,1
40.010538000000004,116.296901,2008-10-28 01:11:56,1
40.010496999999994,116.296916,2008-10-28 01:12:01,1
40.010451,116.29691299999999,2008-10-28 01:12:06,1
40.010403000000004,116.296901,2008-10-28 01:12:11,1
40.010345,116.29685900000001,2008-10-28 01:12:16,1
40.010302,116.296852,2008-10-28 01:12:21,1
40.010265999999994,116.29683200000001,2008-10-28 01:12:26,1
40.010234999999994,116.29678899999999,2008-10-28 01:12:31,1
40.010175,116.29675900000001,2008-10-28 01:12:36,1
40.010116,116.296755,2008-10-28 01:12:41,1
40.010083,116.296756,2008-10-28 01:12:46,1
40.010042,116.29674399999999,2008-10-28 01:12:51,1
40.009989000000004,116.296742,2008-10-28 01:12:56,1
40.009980999999996,116.29673700000001,2008-10-28 01:13:01,1
40.009980999999996,116.29673700000001,2008-10-28 01:13:04,1
40.00998,116.296733,2008-10-28 01:13:06,1
40.009963,116.29672,2008-10-28 01:13:11,1
40.009966,116.296701,2008-10-28 01:13:16,1
40.009948,116.296704,2008-10-28 01:13:21,1
40.009921000000006,116.296702,2008-10-28 01:13:26,1
40.009871000000004,116.29668500000001,2008-10-28 01:13:31,1
40.009865000000005,116.29667099999999,2008-10-28 01:13:36,1
40.009877,116.296656,2008-10-28 01:13:41,1
40.009885,116.296647,2008-10-28 01:13:46,1
40.009894,116.296646,2008-10-28 01:13:51,1
40.009867,116.29664,2008-10-28 01:13:56,1
40.009867,116.29664,2008-10-28 01:13:59,1
40.009868,116.29664299999999,2008-10-28 01:14:01,1
40.009868,116.296617,2008-10-28 01:14:06,1
40.009837,116.29658700000002,2008-10-28 01:14:11,1
40.009824,116.296578,2008-10-28 01:14:16,1
40.009807,116.29658,2008-10-28 01:14:21,1
40.009792,116.296586,2008-10-28 01:14:26,1
40.009781,116.29658400000001,2008-10-28 01:14:31,1
40.009759,116.296572,2008-10-28 01:14:36,1
40.009722,116.29654,2008-10-28 01:14:41,1
40.009695,116.296539,2008-10-28 01:14:46,1
40.009663,116.29653400000001,2008-10-28 01:14:51,1
40.009664,116.296544,2008-10-28 01:14:56,1
40.009686,116.29655100000001,2008-10-28 01:15:01,1
40.009673,116.296543,2008-10-28 01:15:06,1
40.00969,116.296553,2008-10-28 01:15:11,1
40.009708,116.296539,2008-10-28 01:15:16,1
40.009719,116.296543,2008-10-28 01:15:21,1
40.009719,116.296543,2008-10-28 01:15:24,1
40.009724,116.29654099999999,2008-10-28 01:15:26,1
40.009714,116.296531,2008-10-28 01:15:31,1
40.009704,116.296527,2008-10-28 01:15:36,1
40.009665999999996,116.29651899999999,2008-10-28 01:15:41,1
40.009639,116.296512,2008-10-28 01:15:46,1
40.009646999999994,116.296523,2008-10-28 01:15:51,1
40.009627,116.29651799999999,2008-10-28 01:15:56,1
40.009627,116.29651799999999,2008-10-28 01:15:59,1
40.009624,116.296523,2008-10-28 01:16:01,1
40.009603000000006,116.29650900000001,2008-10-28 01:16:06,1
40.009378999999996,116.296334,2008-10-28 01:20:46,1
40.009356,116.29632,2008-10-28 01:20:51,1
40.009356,116.29632,2008-10-28 01:20:54,1
40.009347999999996,116.29631299999998,2008-10-28 01:20:56,1
40.009345,116.296299,2008-10-28 01:21:01,1
40.009357,116.296283,2008-10-28 01:21:06,1
40.009413,116.296283,2008-10-28 01:21:11,1
40.009446999999994,116.29628400000001,2008-10-28 01:21:16,1
40.009446999999994,116.29628400000001,2008-10-28 01:21:19,1
40.009439,116.296283,2008-10-28 01:21:21,1
40.009405,116.29628100000001,2008-10-28 01:21:26,1
40.009386,116.296298,2008-10-28 01:21:31,1
40.009367,116.296302,2008-10-28 01:21:36,1
40.009353000000004,116.296292,2008-10-28 01:21:41,1
40.009328000000004,116.29628999999998,2008-10-28 01:21:46,1
40.009288,116.296279,2008-10-28 01:21:51,1
40.009257,116.296287,2008-10-28 01:21:56,1
40.009214,116.296295,2008-10-28 01:22:01,1
40.009189,116.29628899999999,2008-10-28 01:22:06,1
40.009189,116.29628899999999,2008-10-28 01:22:09,1
40.009186,116.29629399999999,2008-10-28 01:22:11,1
40.009153999999995,116.29628899999999,2008-10-28 01:22:16,1
40.009113,116.296287,2008-10-28 01:22:21,1
40.009095,116.296291,2008-10-28 01:22:26,1
40.009081,116.29626999999999,2008-10-28 01:22:31,1
40.009055,116.296259,2008-10-28 01:22:36,1
40.009005,116.29626,2008-10-28 01:22:41,1
40.008967999999996,116.29626499999999,2008-10-28 01:22:46,1
40.008915,116.29626299999998,2008-10-28 01:22:51,1
40.008879,116.296249,2008-10-28 01:22:56,1
40.008854,116.296251,2008-10-28 01:23:01,1
40.008814,116.296233,2008-10-28 01:23:06,1
40.008759000000005,116.29625300000001,2008-10-28 01:23:11,1
40.008709,116.296252,2008-10-28 01:23:16,1
40.008685,116.296237,2008-10-28 01:23:21,1
40.008663,116.29621999999999,2008-10-28 01:23:26,1
40.008638,116.29621000000002,2008-10-28 01:23:31,1
40.008571999999994,116.29614699999999,2008-10-28 01:23:36,1
40.008532,116.296146,2008-10-28 01:23:41,1
40.008497,116.296149,2008-10-28 01:23:46,1
40.008463,116.29612900000001,2008-10-28 01:23:51,1
40.008408,116.296102,2008-10-28 01:23:56,1
40.008371000000004,116.296085,2008-10-28 01:24:01,1
40.008361,116.29607299999999,2008-10-28 01:24:06,1
40.008317,116.296067,2008-10-28 01:24:11,1
40.008251,116.296054,2008-10-28 01:24:16,1
40.008213,116.296043,2008-10-28 01:24:21,1
40.008193,116.29603200000001,2008-10-28 01:24:26,1
40.008152,116.296007,2008-10-28 01:24:31,1
40.008117999999996,116.295996,2008-10-28 01:24:36,1
40.008057,116.29598100000001,2008-10-28 01:24:41,1
40.008024,116.295975,2008-10-28 01:24:46,1
40.007985,116.29593700000001,2008-10-28 01:24:51,1
40.007943,116.29590800000001,2008-10-28 01:24:56,1
40.007923999999996,116.295896,2008-10-28 01:25:01,1
40.007914,116.295878,2008-10-28 01:25:06,1
40.007865,116.29583600000001,2008-10-28 01:25:11,1
40.007849,116.295826,2008-10-28 01:25:16,1
40.007841,116.29581499999999,2008-10-28 01:25:21,1
40.007841,116.29581499999999,2008-10-28 01:25:24,1
40.007834,116.295809,2008-10-28 01:25:26,1
40.007814,116.295799,2008-10-28 01:25:31,1
40.007802000000005,116.29576899999999,2008-10-28 01:25:36,1
40.007791,116.29576000000002,2008-10-28 01:25:41,1
40.007771000000005,116.29573,2008-10-28 01:25:46,1
40.00775,116.29571999999999,2008-10-28 01:25:51,1
40.00772,116.29572900000001,2008-10-28 01:25:56,1
40.007690000000004,116.29571499999999,2008-10-28 01:26:01,1
40.007667,116.295709,2008-10-28 01:26:06,1
40.007647,116.29569099999999,2008-10-28 01:26:11,1
40.007634,116.29568799999998,2008-10-28 01:26:16,1
40.007607,116.29571200000001,2008-10-28 01:26:21,1
40.007585999999996,116.29573500000001,2008-10-28 01:26:26,1
40.007558,116.295732,2008-10-28 01:26:31,1
40.007536,116.29573400000001,2008-10-28 01:26:36,1
40.007509000000006,116.29572399999999,2008-10-28 01:26:41,1
40.007489,116.29575600000001,2008-10-28 01:26:46,1
40.007449,116.295736,2008-10-28 01:26:51,1
40.00741,116.295731,2008-10-28 01:26:56,1
40.007385,116.2957,2008-10-28 01:27:01,1
40.007359,116.29570700000001,2008-10-28 01:27:06,1
40.007331,116.29571599999998,2008-10-28 01:27:11,1
40.007308,116.29573300000001,2008-10-28 01:27:16,1
40.007284999999996,116.295768,2008-10-28 01:27:21,1
40.007246,116.29576000000002,2008-10-28 01:27:26,1
40.007207,116.295751,2008-10-28 01:27:31,1
40.007158000000004,116.295755,2008-10-28 01:27:36,1
40.007137,116.295745,2008-10-28 01:27:41,1
40.007095,116.29573300000001,2008-10-28 01:27:46,1
40.00705,116.29573400000001,2008-10-28 01:27:51,1
40.007036,116.295744,2008-10-28 01:27:56,1
40.007015,116.295759,2008-10-28 01:28:01,1
40.006996,116.295767,2008-10-28 01:28:06,1
40.006966,116.29576399999999,2008-10-28 01:28:11,1
40.006931,116.29578000000001,2008-10-28 01:28:16,1
40.006912,116.295827,2008-10-28 01:28:21,1
40.006879999999995,116.295845,2008-10-28 01:28:26,1
40.006851,116.29583799999999,2008-10-28 01:28:31,1
40.006808,116.295803,2008-10-28 01:28:36,1
40.006792,116.295773,2008-10-28 01:28:41,1
40.006792,116.29576899999999,2008-10-28 01:28:46,1
40.006791,116.29576399999999,2008-10-28 01:28:51,1
40.006789000000005,116.29576100000001,2008-10-28 01:28:56,1
40.006785,116.295755,2008-10-28 01:29:01,1
40.006785,116.295755,2008-10-28 01:29:04,1
40.006778999999995,116.29574699999999,2008-10-28 01:29:06,1
40.006758000000005,116.29576599999999,2008-10-28 01:29:11,1
40.006758000000005,116.29576599999999,2008-10-28 01:29:14,1
40.006763,116.295763,2008-10-28 01:29:16,1
40.006778000000004,116.295767,2008-10-28 01:29:21,1
40.006766999999996,116.295775,2008-10-28 01:29:26,1
40.006778999999995,116.295782,2008-10-28 01:29:31,1
40.006762,116.29573500000001,2008-10-28 01:29:36,1
40.006735,116.295732,2008-10-28 01:29:41,1
40.006749,116.295726,2008-10-28 01:29:46,1
40.006749,116.295726,2008-10-28 01:29:49,1
40.006754,116.295721,2008-10-28 01:29:51,1
40.006752,116.29573300000001,2008-10-28 01:29:56,1
40.006747,116.29574699999999,2008-10-28 01:30:01,1
40.006761,116.295755,2008-10-28 01:30:06,1
40.006761,116.295755,2008-10-28 01:30:09,1
40.006762,116.295748,2008-10-28 01:30:11,1
40.00675,116.29572399999999,2008-10-28 01:30:16,1
40.006737,116.295748,2008-10-28 01:30:21,1
40.006738,116.29576200000001,2008-10-28 01:30:26,1
40.006738,116.29576200000001,2008-10-28 01:30:29,1
40.006746,116.29576899999999,2008-10-28 01:30:31,1
40.006765,116.29578000000001,2008-10-28 01:30:36,1
40.006772999999995,116.295773,2008-10-28 01:30:41,1
40.006772999999995,116.295773,2008-10-28 01:30:44,1
40.006766,116.295778,2008-10-28 01:30:46,1
40.006741999999996,116.29575700000001,2008-10-28 01:30:51,1
40.006698,116.295751,2008-10-28 01:30:56,1
40.006656,116.295755,2008-10-28 01:31:01,1
40.006628000000006,116.29576499999999,2008-10-28 01:31:06,1
40.006572999999996,116.295767,2008-10-28 01:31:11,1
40.006523,116.295782,2008-10-28 01:31:16,1
40.006505,116.295796,2008-10-28 01:31:21,1
40.006477000000004,116.295801,2008-10-28 01:31:26,1
40.006448,116.295826,2008-10-28 01:31:31,1
40.006413,116.295832,2008-10-28 01:31:36,1
40.006372999999996,116.29584299999999,2008-10-28 01:31:41,1
40.006342,116.295826,2008-10-28 01:31:46,1
40.006329,116.295819,2008-10-28 01:31:51,1
40.006306,116.29579299999999,2008-10-28 01:31:56,1
40.006281,116.29577900000001,2008-10-28 01:32:01,1
40.006281,116.29577900000001,2008-10-28 01:32:04,1
40.006287,116.295778,2008-10-28 01:32:06,1
40.006258,116.29578000000001,2008-10-28 01:32:11,1
40.006240999999996,116.29577900000001,2008-10-28 01:32:16,1
40.0062,116.29576999999999,2008-10-28 01:32:21,1
40.006149,116.295782,2008-10-28 01:32:26,1
40.006104,116.295806,2008-10-28 01:32:31,1
40.006054999999996,116.29583799999999,2008-10-28 01:32:36,1
40.006031,116.295873,2008-10-28 01:32:41,1
40.005992,116.29589299999999,2008-10-28 01:32:46,1
40.005955,116.29592,2008-10-28 01:32:51,1
40.005936,116.295942,2008-10-28 01:32:56,1
40.005933,116.295975,2008-10-28 01:33:01,1
40.005951,116.29601299999999,2008-10-28 01:33:06,1
40.005934,116.296035,2008-10-28 01:33:11,1
40.005937,116.29607,2008-10-28 01:33:16,1
40.005928999999995,116.296103,2008-10-28 01:33:21,1
40.005935,116.296144,2008-10-28 01:33:26,1
40.005946,116.296175,2008-10-28 01:33:31,1
40.005949,116.29620700000001,2008-10-28 01:33:36,1
40.005945000000004,116.296225,2008-10-28 01:33:41,1
40.005969,116.296276,2008-10-28 01:33:46,1
40.005969,116.296276,2008-10-28 01:33:49,1
40.005965,116.296279,2008-10-28 01:33:51,1
40.005964,116.29626100000002,2008-10-28 01:33:56,1
40.005977,116.29626599999999,2008-10-28 01:34:01,1
40.006006,116.29626499999999,2008-10-28 01:34:06,1
40.006019,116.29626,2008-10-28 01:34:11,1
40.006029999999996,116.296264,2008-10-28 01:34:16,1
40.006039,116.296269,2008-10-28 01:34:21,1
40.006039,116.296269,2008-10-28 01:34:24,1
40.006044,116.29626299999998,2008-10-28 01:34:26,1
40.006089,116.29628799999999,2008-10-28 01:34:31,1
40.006153999999995,116.296314,2008-10-28 01:34:36,1
40.006215000000005,116.296322,2008-10-28 01:34:41,1
40.006256,116.296318,2008-10-28 01:34:46,1
40.006281,116.29633700000001,2008-10-28 01:34:51,1
40.006303,116.29636599999999,2008-10-28 01:34:56,1
40.006333000000005,116.29636799999999,2008-10-28 01:35:01,1
40.006377,116.29638,2008-10-28 01:35:06,1
40.006387,116.296406,2008-10-28 01:35:11,1
40.006396,116.29643600000001,2008-10-28 01:35:16,1
40.006418,116.296448,2008-10-28 01:35:21,1
40.006463000000004,116.296449,2008-10-28 01:35:26,1
40.006508000000004,116.296485,2008-10-28 01:35:31,1
40.006572,116.29650600000001,2008-10-28 01:35:36,1
40.006617999999996,116.29652800000001,2008-10-28 01:35:41,1
40.006643,116.296573,2008-10-28 01:35:46,1
40.006676,116.296609,2008-10-28 01:35:51,1
40.00671,116.29661999999999,2008-10-28 01:35:56,1
40.006739,116.296648,2008-10-28 01:36:01,1
40.006786,116.296672,2008-10-28 01:36:06,1
40.006820000000005,116.29668500000001,2008-10-28 01:36:11,1
40.006827,116.29671,2008-10-28 01:36:16,1
40.006837,116.29673100000001,2008-10-28 01:36:21,1
40.006857000000004,116.29675900000001,2008-10-28 01:36:26,1
40.006869,116.296777,2008-10-28 01:36:31,1
40.006882,116.296825,2008-10-28 01:36:36,1
40.006909,116.296851,2008-10-28 01:36:41,1
40.006928,116.296849,2008-10-28 01:36:46,1
40.006955,116.296866,2008-10-28 01:36:51,1
40.006955,116.296866,2008-10-28 01:36:54,1
40.00696,116.296866,2008-10-28 01:36:56,1
40.006975,116.29688700000001,2008-10-28 01:37:01,1
40.006971,116.296874,2008-10-28 01:37:06,1
40.006984,116.296877,2008-10-28 01:37:11,1
40.006984,116.296877,2008-10-28 01:37:14,1
40.006981,116.296874,2008-10-28 01:37:16,1
40.006994,116.296872,2008-10-28 01:37:21,1
40.007014,116.296866,2008-10-28 01:37:26,1
40.007028000000005,116.296869,2008-10-28 01:37:31,1
40.007028000000005,116.296869,2008-10-28 01:37:34,1
40.007028999999996,116.296865,2008-10-28 01:37:36,1
40.007022,116.296853,2008-10-28 01:37:41,1
40.007022,116.296853,2008-10-28 01:37:44,1
40.007022,116.29685900000001,2008-10-28 01:37:46,1
40.007039,116.29685800000001,2008-10-28 01:37:51,1
40.00708,116.296872,2008-10-28 01:37:56,1
40.007106,116.296871,2008-10-28 01:38:01,1
40.007114,116.29685800000001,2008-10-28 01:38:06,1
40.007121999999995,116.29683700000001,2008-10-28 01:38:11,1
40.007121999999995,116.29683700000001,2008-10-28 01:38:14,1
40.007124,116.29683600000001,2008-10-28 01:38:16,1
40.007134,116.29681299999999,2008-10-28 01:38:21,1
40.007134,116.29681299999999,2008-10-28 01:38:24,1
40.007137,116.296805,2008-10-28 01:38:26,1
40.007141,116.29679499999999,2008-10-28 01:38:31,1
40.007141,116.29679499999999,2008-10-28 01:38:34,1
40.007142,116.29678700000001,2008-10-28 01:38:36,1
40.007134,116.296775,2008-10-28 01:38:41,1
40.007151,116.296773,2008-10-28 01:38:46,1
40.00717,116.296797,2008-10-28 01:38:51,1
40.00719,116.296797,2008-10-28 01:38:56,1
40.007195,116.29681200000002,2008-10-28 01:39:01,1
40.007185,116.296838,2008-10-28 01:39:06,1
40.007203000000004,116.29681699999999,2008-10-28 01:39:11,1
40.007227,116.29681699999999,2008-10-28 01:39:16,1
40.007255,116.296798,2008-10-28 01:39:21,1
40.007263,116.296773,2008-10-28 01:39:26,1
40.007277,116.296784,2008-10-28 01:39:31,1
40.007305,116.296761,2008-10-28 01:39:36,1
40.007321000000005,116.296784,2008-10-28 01:39:41,1
40.007302,116.296842,2008-10-28 01:39:46,1
40.00725,116.29686399999999,2008-10-28 01:39:51,1
40.007207,116.296876,2008-10-28 01:39:56,1
40.007218,116.29683700000001,2008-10-28 01:40:01,1
40.007253999999996,116.29681399999998,2008-10-28 01:40:06,1
40.007274,116.296792,2008-10-28 01:40:11,1
40.007301,116.296769,2008-10-28 01:40:16,1
40.007335999999995,116.296741,2008-10-28 01:40:21,1
40.007381,116.296749,2008-10-28 01:40:26,1
40.007419,116.29677,2008-10-28 01:40:31,1
40.007474,116.296732,2008-10-28 01:40:36,1
40.007542,116.296729,2008-10-28 01:40:41,1
40.00759,116.296723,2008-10-28 01:40:46,1
40.007609,116.296727,2008-10-28 01:40:51,1
40.007665,116.29671299999998,2008-10-28 01:40:56,1
40.007753,116.296697,2008-10-28 01:41:01,1
40.00779,116.296667,2008-10-28 01:41:06,1
40.00781,116.296646,2008-10-28 01:41:11,1
40.007874,116.296617,2008-10-28 01:41:16,1
40.007932000000004,116.29661200000001,2008-10-28 01:41:21,1
40.007965999999996,116.296605,2008-10-28 01:41:26,1
40.008033000000005,116.296625,2008-10-28 01:41:31,1
40.008083,116.296625,2008-10-28 01:41:36,1
40.008157000000004,116.296618,2008-10-28 01:41:41,1
40.008207,116.29658400000001,2008-10-28 01:41:46,1
40.008262,116.29658899999998,2008-10-28 01:41:51,1
40.008306,116.296626,2008-10-28 01:41:56,1
40.008337,116.296622,2008-10-28 01:42:01,1
40.008407,116.29656899999999,2008-10-28 01:42:06,1
40.008449,116.296493,2008-10-28 01:42:11,1
40.00849,116.29648200000001,2008-10-28 01:42:16,1
40.008542,116.296504,2008-10-28 01:42:21,1
40.008554,116.29654599999999,2008-10-28 01:42:26,1
40.008584,116.296582,2008-10-28 01:42:31,1
40.008606,116.296598,2008-10-28 01:42:36,1
40.008639,116.296609,2008-10-28 01:42:41,1
40.008689000000004,116.29659699999999,2008-10-28 01:42:46,1
40.008731,116.296594,2008-10-28 01:42:51,1
40.008767999999996,116.296594,2008-10-28 01:42:56,1
40.008804,116.29656999999999,2008-10-28 01:43:01,1
40.008831,116.296567,2008-10-28 01:43:06,1
40.008866,116.296555,2008-10-28 01:43:11,1
40.008915,116.29653799999998,2008-10-28 01:43:16,1
40.008949,116.296524,2008-10-28 01:43:21,1
40.008984000000005,116.296525,2008-10-28 01:43:26,1
40.009057,116.29656100000001,2008-10-28 01:43:31,1
40.009062,116.29659,2008-10-28 01:43:36,1
40.009065,116.29657399999999,2008-10-28 01:43:41,1
40.009097,116.29656200000001,2008-10-28 01:43:46,1
40.009139000000005,116.296596,2008-10-28 01:43:51,1
40.009186,116.296599,2008-10-28 01:43:56,1
40.009232,116.296598,2008-10-28 01:44:01,1
40.009257,116.296598,2008-10-28 01:44:06,1
40.009277000000004,116.29661499999999,2008-10-28 01:44:11,1
40.00931,116.296609,2008-10-28 01:44:16,1
40.009328000000004,116.29658300000001,2008-10-28 01:44:21,1
40.009375,116.29657900000001,2008-10-28 01:44:26,1
40.009415000000004,116.296539,2008-10-28 01:44:31,1
40.009454,116.296552,2008-10-28 01:44:36,1
40.009496,116.296553,2008-10-28 01:44:41,1
40.009558,116.296553,2008-10-28 01:44:46,1
40.009613,116.29656000000001,2008-10-28 01:44:51,1
40.009665000000005,116.296566,2008-10-28 01:44:56,1
40.009696000000005,116.29656200000001,2008-10-28 01:45:01,1
40.009738,116.29659299999999,2008-10-28 01:45:06,1
40.009758000000005,116.296627,2008-10-28 01:45:11,1
40.009784,116.296623,2008-10-28 01:45:16,1
40.00982,116.29659299999999,2008-10-28 01:45:21,1
40.009857000000004,116.296623,2008-10-28 01:45:26,1
40.009889,116.296627,2008-10-28 01:45:31,1
40.00994,116.296609,2008-10-28 01:45:36,1
40.009952,116.29657399999999,2008-10-28 01:45:41,1
40.00998,116.29660700000001,2008-10-28 01:45:46,1
40.010008,116.296618,2008-10-28 01:45:51,1
40.010011,116.296644,2008-10-28 01:45:56,1
40.010047,116.29665200000001,2008-10-28 01:46:01,1
40.010069,116.29664199999999,2008-10-28 01:46:06,1
40.010058,116.29665700000001,2008-10-28 01:46:11,1
40.010058,116.29665700000001,2008-10-28 01:46:14,1
40.010061,116.29665200000001,2008-10-28 01:46:16,1
40.010081,116.296651,2008-10-28 01:46:21,1
40.010101,116.29663700000002,2008-10-28 01:46:26,1
40.010086,116.29663500000001,2008-10-28 01:46:31,1
40.0101,116.296636,2008-10-28 01:46:36,1
40.010131,116.296622,2008-10-28 01:46:41,1
40.010166999999996,116.29664,2008-10-28 01:46:46,1
40.010197999999995,116.296672,2008-10-28 01:46:51,1
40.01023,116.29670700000001,2008-10-28 01:46:56,1
40.010252,116.29674299999999,2008-10-28 01:47:01,1
40.010281,116.296774,2008-10-28 01:47:06,1
40.010312,116.296821,2008-10-28 01:47:11,1
40.010315000000006,116.29688600000001,2008-10-28 01:47:16,1
40.010286,116.296912,2008-10-28 01:47:21,1
40.010267999999996,116.296939,2008-10-28 01:47:26,1
40.010231,116.296978,2008-10-28 01:47:31,1
40.010179,116.29700700000001,2008-10-28 01:47:36,1
40.010166999999996,116.297023,2008-10-28 01:47:41,1
40.010165,116.297032,2008-10-28 01:47:46,1
40.010145,116.29706599999999,2008-10-28 01:47:51,1
40.010132,116.29708000000001,2008-10-28 01:47:56,1
40.010119,116.297073,2008-10-28 01:48:01,1
40.010098,116.297072,2008-10-28 01:48:06,1
40.010075,116.29705,2008-10-28 01:48:11,1
40.010063,116.29704,2008-10-28 01:48:16,1
40.010037,116.29704299999999,2008-10-28 01:48:21,1
40.010006,116.29704199999999,2008-10-28 01:48:26,1
40.009999,116.297022,2008-10-28 01:48:31,1
40.00998,116.29698300000001,2008-10-28 01:48:36,1
40.00998,116.29698300000001,2008-10-28 01:48:39,1
40.009980999999996,116.296978,2008-10-28 01:48:41,1
40.009941,116.296978,2008-10-28 01:48:46,1
40.009879999999995,116.29697900000001,2008-10-28 01:48:51,1
40.009833,116.296971,2008-10-28 01:48:56,1
40.009778999999995,116.29695900000002,2008-10-28 01:49:01,1
40.009732,116.29693,2008-10-28 01:49:06,1
40.009681,116.29693200000001,2008-10-28 01:49:11,1
40.009619,116.296927,2008-10-28 01:49:16,1
40.009571,116.296927,2008-10-28 01:49:21,1
40.009512,116.29692,2008-10-28 01:49:26,1
40.009467,116.29692800000001,2008-10-28 01:49:31,1
40.009406,116.296929,2008-10-28 01:49:36,1
40.00936,116.296926,2008-10-28 01:49:41,1
40.009311,116.296927,2008-10-28 01:49:46,1
40.009240999999996,116.296916,2008-10-28 01:49:51,1
40.009161,116.296897,2008-10-28 01:49:56,1
40.009126,116.296881,2008-10-28 01:50:01,1
40.009056,116.296879,2008-10-28 01:50:06,1
40.009021999999995,116.29686299999999,2008-10-28 01:50:11,1
40.008996,116.296847,2008-10-28 01:50:16,1
40.00894,116.29683500000002,2008-10-28 01:50:21,1
40.008897999999995,116.29683700000001,2008-10-28 01:50:26,1
40.008846999999996,116.296851,2008-10-28 01:50:31,1
40.008802,116.29685900000001,2008-10-28 01:50:36,1
40.008745000000005,116.29683100000001,2008-10-28 01:50:41,1
40.008679,116.29682700000001,2008-10-28 01:50:46,1
40.008656,116.29683899999999,2008-10-28 01:50:51,1
40.008624,116.29685800000001,2008-10-28 01:50:56,1
40.008576,116.29685800000001,2008-10-28 01:51:01,1
40.008536,116.296834,2008-10-28 01:51:06,1
40.008468,116.29680400000001,2008-10-28 01:51:11,1
40.008425,116.296755,2008-10-28 01:51:16,1
40.008396000000005,116.296746,2008-10-28 01:51:21,1
40.00837,116.29673799999999,2008-10-28 01:51:26,1
40.008347,116.296722,2008-10-28 01:51:31,1
40.00832,116.2967,2008-10-28 01:51:36,1
40.008265,116.2967,2008-10-28 01:51:41,1
40.008224,116.29668600000001,2008-10-28 01:51:46,1
40.008158,116.296699,2008-10-28 01:51:51,1
40.008092,116.296697,2008-10-28 01:51:56,1
40.00804,116.29669299999999,2008-10-28 01:52:01,1
40.00801,116.29666599999999,2008-10-28 01:52:06,1
40.007987,116.296668,2008-10-28 01:52:11,1
40.007954,116.296649,2008-10-28 01:52:16,1
40.007893,116.296632,2008-10-28 01:52:21,1
40.007831,116.29664299999999,2008-10-28 01:52:26,1
40.007812,116.296631,2008-10-28 01:52:31,1
40.007778,116.296626,2008-10-28 01:52:36,1
40.007743,116.296631,2008-10-28 01:52:41,1
40.007690000000004,116.296624,2008-10-28 01:52:46,1
40.007643,116.29661599999999,2008-10-28 01:52:51,1
40.007605,116.29661399999999,2008-10-28 01:52:56,1
40.007551,116.2966,2008-10-28 01:53:01,1
40.007511,116.29658500000001,2008-10-28 01:53:06,1
40.007452,116.296604,2008-10-28 01:53:11,1
40.007382,116.296599,2008-10-28 01:53:16,1
40.007329,116.296596,2008-10-28 01:53:21,1
40.007286,116.29660600000001,2008-10-28 01:53:26,1
40.007261,116.296604,2008-10-28 01:53:31,1
40.007228000000005,116.296572,2008-10-28 01:53:36,1
40.007197999999995,116.29655100000001,2008-10-28 01:53:41,1
40.007165,116.296555,2008-10-28 01:53:46,1
40.00713,116.29656100000001,2008-10-28 01:53:51,1
40.007094,116.296575,2008-10-28 01:53:56,1
40.007087,116.29661599999999,2008-10-28 01:54:01,1
40.007068,116.296641,2008-10-28 01:54:06,1
40.007064,116.296631,2008-10-28 01:54:11,1
40.007059999999996,116.296631,2008-10-28 01:54:16,1
40.007059999999996,116.296631,2008-10-28 01:54:19,1
40.007057,116.29663400000001,2008-10-28 01:54:21,1
40.007041,116.29661599999999,2008-10-28 01:54:26,1
40.006995,116.296604,2008-10-28 01:54:31,1
40.006944,116.2966,2008-10-28 01:54:36,1
40.006925,116.296603,2008-10-28 01:54:41,1
40.00692,116.296613,2008-10-28 01:54:46,1
40.006913,116.296603,2008-10-28 01:54:51,1
40.006875,116.29659,2008-10-28 01:54:56,1
40.006832,116.29658899999998,2008-10-28 01:55:01,1
40.006799,116.29658899999998,2008-10-28 01:55:06,1
40.006757,116.29658,2008-10-28 01:55:11,1
40.006696000000005,116.29661000000002,2008-10-28 01:55:16,1
40.006621,116.296628,2008-10-28 01:55:21,1
40.006567,116.29663400000001,2008-10-28 01:55:26,1
40.006515,116.29664,2008-10-28 01:55:31,1
40.006471999999995,116.29660600000001,2008-10-28 01:55:36,1
40.006411,116.296595,2008-10-28 01:55:41,1
40.006335,116.29658400000001,2008-10-28 01:55:46,1
40.006262,116.29658300000001,2008-10-28 01:55:51,1
40.006198,116.296575,2008-10-28 01:55:56,1
40.006165,116.296586,2008-10-28 01:56:01,1
40.006126,116.296598,2008-10-28 01:56:06,1
40.006095,116.296568,2008-10-28 01:56:11,1
40.006082,116.296547,2008-10-28 01:56:16,1
40.006102,116.29656100000001,2008-10-28 01:56:21,1
40.006102,116.29656100000001,2008-10-28 01:56:24,1
40.006101,116.296555,2008-10-28 01:56:26,1
40.006078,116.296555,2008-10-28 01:56:31,1
40.006058,116.296576,2008-10-28 01:56:36,1
40.00631,116.296586,2008-10-28 02:03:01,1
40.00635,116.296571,2008-10-28 02:03:06,1
40.006403999999996,116.296545,2008-10-28 02:03:11,1
40.006436,116.29656299999999,2008-10-28 02:03:16,1
40.006479999999996,116.296577,2008-10-28 02:03:21,1
40.006525,116.296586,2008-10-28 02:03:26,1
40.006563,116.29658899999998,2008-10-28 02:03:31,1
40.006614,116.296575,2008-10-28 02:03:36,1
40.006689,116.296595,2008-10-28 02:03:41,1
40.006741999999996,116.296599,2008-10-28 02:03:46,1
40.006777,116.29661000000002,2008-10-28 02:03:51,1
40.006803000000005,116.29663799999999,2008-10-28 02:03:56,1
40.006840000000004,116.296676,2008-10-28 02:04:01,1
40.006898,116.296678,2008-10-28 02:04:06,1
40.00698,116.296659,2008-10-28 02:04:11,1
40.007061,116.296667,2008-10-28 02:04:16,1
40.007145,116.29666499999999,2008-10-28 02:04:21,1
40.007218,116.296656,2008-10-28 02:04:26,1
40.007279,116.296641,2008-10-28 02:04:31,1
40.007346999999996,116.296613,2008-10-28 02:04:36,1
40.0074,116.296613,2008-10-28 02:04:41,1
40.007434,116.29661899999999,2008-10-28 02:04:46,1
40.007488,116.296621,2008-10-28 02:04:51,1
40.007528,116.296653,2008-10-28 02:04:56,1
40.007566,116.29668600000001,2008-10-28 02:05:01,1
40.007629,116.296725,2008-10-28 02:05:06,1
40.007688,116.29673100000001,2008-10-28 02:05:11,1
40.007745,116.29673700000001,2008-10-28 02:05:16,1
40.007802000000005,116.29671100000002,2008-10-28 02:05:21,1
40.007853000000004,116.296667,2008-10-28 02:05:26,1
40.007907,116.296672,2008-10-28 02:05:31,1
40.007964,116.29666200000001,2008-10-28 02:05:36,1
40.00803,116.296683,2008-10-28 02:05:41,1
40.008096,116.296683,2008-10-28 02:05:46,1
40.008165999999996,116.296704,2008-10-28 02:05:51,1
40.008231,116.296719,2008-10-28 02:05:56,1
40.008267,116.296752,2008-10-28 02:06:01,1
40.008313,116.296757,2008-10-28 02:06:06,1
40.008375,116.29673799999999,2008-10-28 02:06:11,1
40.008443,116.29674299999999,2008-10-28 02:06:16,1
40.008503999999995,116.296756,2008-10-28 02:06:21,1
40.008551000000004,116.296776,2008-10-28 02:06:26,1
40.008609,116.296778,2008-10-28 02:06:31,1
40.008664,116.296778,2008-10-28 02:06:36,2
40.008703999999994,116.296799,2008-10-28 02:06:41,2
40.008742,116.29681699999999,2008-10-28 02:06:46,2
40.008756,116.296806,2008-10-28 02:06:51,2
40.008781,116.29681599999999,2008-10-28 02:06:56,2
40.008838,116.29678700000001,2008-10-28 02:07:01,2
40.00888,116.296774,2008-10-28 02:07:06,2
40.008879,116.29678600000001,2008-10-28 02:07:11,2
40.008894,116.296797,2008-10-28 02:07:16,2
40.00893,116.296798,2008-10-28 02:07:21,2
40.008967999999996,116.296826,2008-10-28 02:07:26,2
40.00898,116.29689199999999,2008-10-28 02:07:31,2
40.009007000000004,116.29694199999999,2008-10-28 02:07:36,2
40.009054,116.296972,2008-10-28 02:07:41,2
40.00911,116.297005,2008-10-28 02:07:46,2
40.009194,116.29701499999999,2008-10-28 02:07:51,2
40.009268,116.297036,2008-10-28 02:07:56,2
40.009365,116.297045,2008-10-28 02:08:01,2
40.009448,116.297025,2008-10-28 02:08:06,2
40.009544,116.297003,2008-10-28 02:08:11,2
40.009634999999996,116.297028,2008-10-28 02:08:16,2
40.00971,116.29705200000001,2008-10-28 02:08:21,2
40.009809999999995,116.297075,2008-10-28 02:08:26,2
40.009882,116.29711100000002,2008-10-28 02:08:31,2
40.00995,116.29711699999999,2008-10-28 02:08:36,2
40.010023,116.297146,2008-10-28 02:08:41,2
40.010086,116.297175,2008-10-28 02:08:46,2
40.010155,116.2972,2008-10-28 02:08:51,2
40.0102,116.29723999999999,2008-10-28 02:08:56,2
40.01025,116.29728300000001,2008-10-28 02:09:01,2
40.010318,116.29729099999999,2008-10-28 02:09:06,2
40.010366999999995,116.297292,2008-10-28 02:09:11,2
40.010391,116.29728,2008-10-28 02:09:16,2
40.010424,116.297269,2008-10-28 02:09:21,2
40.010445000000004,116.29728,2008-10-28 02:09:26,2
40.010445000000004,116.29728,2008-10-28 02:09:29,2
40.010453000000005,116.29727199999999,2008-10-28 02:09:31,2
40.010453999999996,116.29728100000001,2008-10-28 02:09:36,2
40.010453999999996,116.29728100000001,2008-10-28 02:09:39,2
40.010459000000004,116.29728700000001,2008-10-28 02:09:41,2
40.010463,116.297334,2008-10-28 02:09:46,2
40.01047,116.29733799999998,2008-10-28 02:09:51,2
40.01047,116.29733799999998,2008-10-28 02:09:54,2
40.010467,116.29733999999999,2008-10-28 02:09:56,2
40.010472,116.29735900000001,2008-10-28 02:10:01,2
40.010456,116.29738300000001,2008-10-28 02:10:06,2
40.010427,116.29739,2008-10-28 02:10:11,2
40.010418,116.297366,2008-10-28 02:10:16,2
40.010418,116.297366,2008-10-28 02:10:19,2
40.010413,116.297366,2008-10-28 02:10:21,2
40.010389,116.297366,2008-10-28 02:10:26,2
40.010374,116.29736000000001,2008-10-28 02:10:31,2
40.010374,116.29736000000001,2008-10-28 02:10:34,2
40.010373,116.297357,2008-10-28 02:10:36,2
40.010371,116.29734599999999,2008-10-28 02:10:41,2
40.010344,116.29733700000001,2008-10-28 02:10:46,2
40.010333,116.29735,2008-10-28 02:10:51,2
40.010339,116.297375,2008-10-28 02:10:56,2
40.010339,116.297375,2008-10-28 02:10:59,2
40.010337,116.297381,2008-10-28 02:11:01,2
40.010324,116.297402,2008-10-28 02:11:06,2
40.010321000000005,116.297427,2008-10-28 02:11:11,2
40.010289,116.29743700000002,2008-10-28 02:11:16,2
40.010247,116.297446,2008-10-28 02:11:21,2
40.010234000000004,116.29743,2008-10-28 02:11:26,2
40.010236,116.297418,2008-10-28 02:11:31,2
40.01024,116.29745700000001,2008-10-28 02:11:36,2
40.01023,116.29748899999998,2008-10-28 02:11:41,2
40.010197999999995,116.297509,2008-10-28 02:11:46,2
40.010164,116.297532,2008-10-28 02:11:51,2
40.010154,116.29750200000001,2008-10-28 02:11:56,2
40.01019,116.29745600000001,2008-10-28 02:12:01,2
40.010208,116.29741399999999,2008-10-28 02:12:06,2
40.010222,116.29735,2008-10-28 02:12:11,2
40.010213,116.29732,2008-10-28 02:12:16,2
40.010209,116.29728600000001,2008-10-28 02:12:21,2
40.010225,116.297206,2008-10-28 02:12:26,2
40.010237,116.297123,2008-10-28 02:12:31,2
40.010288,116.297069,2008-10-28 02:12:36,2
40.010333,116.29703,2008-10-28 02:12:41,2
40.010371,116.297001,2008-10-28 02:12:46,2
40.010396,116.296966,2008-10-28 02:12:51,2
40.010409,116.296939,2008-10-28 02:12:56,2
40.010438,116.29691499999998,2008-10-28 02:13:01,2
40.010465,116.29691399999999,2008-10-28 02:13:06,2
40.010479,116.296907,2008-10-28 02:13:11,2
40.010509000000006,116.29688999999999,2008-10-28 02:13:16,2
40.010532,116.296865,2008-10-28 02:13:21,2
40.010546000000005,116.296869,2008-10-28 02:13:26,2
40.010553,116.296856,2008-10-28 02:13:31,2
40.010553,116.296856,2008-10-28 02:13:34,2
40.010560999999996,116.296856,2008-10-28 02:13:36,2
40.010571,116.29686399999999,2008-10-28 02:13:41,2
40.010612,116.296879,2008-10-28 02:13:46,2
40.010641,116.29688,2008-10-28 02:13:51,2
40.010672,116.296893,2008-10-28 02:13:56,2
40.010713,116.296866,2008-10-28 02:14:01,2
40.010749,116.296857,2008-10-28 02:14:06,2
40.01079,116.29685800000001,2008-10-28 02:14:11,2
40.010826,116.296847,2008-10-28 02:14:16,2
40.010839000000004,116.296826,2008-10-28 02:14:21,2
40.010829,116.29684099999999,2008-10-28 02:14:26,2
40.010872,116.29685,2008-10-28 02:14:31,2
40.010905,116.29685900000001,2008-10-28 02:14:36,2
40.010944,116.29689499999999,2008-10-28 02:14:41,2
40.010971999999995,116.296927,2008-10-28 02:14:46,2
40.010984,116.296943,2008-10-28 02:14:51,2
40.011039000000004,116.296945,2008-10-28 02:14:56,2
40.011107,116.29693799999998,2008-10-28 02:15:01,2
40.011128,116.29694599999999,2008-10-28 02:15:06,2
40.011136,116.29698,2008-10-28 02:15:11,2
40.011187,116.296989,2008-10-28 02:15:16,2
40.011228,116.296989,2008-10-28 02:15:21,2
40.011278000000004,116.297008,2008-10-28 02:15:26,2
40.011312,116.297026,2008-10-28 02:15:31,2
40.011331,116.29705200000001,2008-10-28 02:15:36,2
40.011343,116.297067,2008-10-28 02:15:41,2
40.011361,116.297055,2008-10-28 02:15:46,2
40.011351,116.29704699999999,2008-10-28 02:15:51,2
40.011392,116.296994,2008-10-28 02:15:56,2
40.011453,116.29695500000001,2008-10-28 02:16:01,2
40.011493,116.296916,2008-10-28 02:16:06,2
40.011540999999994,116.296866,2008-10-28 02:16:11,2
40.011542,116.29685800000001,2008-10-28 02:16:16,2
40.011536,116.29686000000001,2008-10-28 02:16:21,2
40.011536,116.29686000000001,2008-10-28 02:16:24,2
40.011540999999994,116.29685800000001,2008-10-28 02:16:26,2
40.011546,116.296873,2008-10-28 02:16:31,2
40.011546,116.29686399999999,2008-10-28 02:16:36,2
40.011546,116.29686399999999,2008-10-28 02:16:39,2
40.011544,116.296862,2008-10-28 02:16:41,2
40.011534000000005,116.29685900000001,2008-10-28 02:16:46,2
40.011540999999994,116.29683899999999,2008-10-28 02:16:51,2
40.011521,116.296825,2008-10-28 02:16:56,2
40.011533,116.29681399999998,2008-10-28 02:17:01,2
40.011537,116.29681799999999,2008-10-28 02:17:06,2
40.011538,116.296821,2008-10-28 02:17:11,2
40.011538,116.296821,2008-10-28 02:17:14,2
40.011534000000005,116.296815,2008-10-28 02:17:16,2
40.011514,116.29683999999999,2008-10-28 02:17:21,2
40.011511999999996,116.296862,2008-10-28 02:17:26,2
40.011466,116.296904,2008-10-28 02:17:31,2
40.011449,116.296924,2008-10-28 02:17:36,2
40.011424,116.296916,2008-10-28 02:17:41,2
40.011404,116.296894,2008-10-28 02:17:46,2
40.0114,116.29689499999999,2008-10-28 02:17:51,2
40.011402000000004,116.296897,2008-10-28 02:17:56,2
40.0114,116.296898,2008-10-28 02:18:01,2
40.0114,116.296898,2008-10-28 02:18:04,2
40.011399,116.296894,2008-10-28 02:18:06,2
40.011421,116.296876,2008-10-28 02:18:11,2
40.011478000000004,116.29683700000001,2008-10-28 02:18:16,2
40.011503000000005,116.296797,2008-10-28 02:18:21,2
40.011506,116.296761,2008-10-28 02:18:26,2
40.011509999999994,116.29673400000001,2008-10-28 02:18:31,2
40.011472,116.296701,2008-10-28 02:18:36,2
40.011421,116.296668,2008-10-28 02:18:41,2
40.011371999999994,116.296673,2008-10-28 02:18:46,2
40.011344,116.29665,2008-10-28 02:18:51,2
40.011323,116.296608,2008-10-28 02:18:56,2
40.011292,116.29656399999999,2008-10-28 02:19:01,2
40.011282,116.29650600000001,2008-10-28 02:19:06,2
40.011251,116.296466,2008-10-28 02:19:11,2
40.011219,116.29642199999999,2008-10-28 02:19:16,2
40.011187,116.29638600000001,2008-10-28 02:19:21,2
40.011109000000005,116.29635400000001,2008-10-28 02:19:26,2
40.011023,116.296329,2008-10-28 02:19:31,2
40.010940000000005,116.29636299999999,2008-10-28 02:19:36,2
40.010897,116.296398,2008-10-28 02:19:41,2
40.0109,116.296415,2008-10-28 02:19:46,2
40.010902,116.29646100000001,2008-10-28 02:19:51,2
40.010917,116.29654099999999,2008-10-28 02:19:56,2
40.010937,116.296577,2008-10-28 02:20:01,2
40.010971999999995,116.29659099999999,2008-10-28 02:20:06,2
40.010967,116.29660600000001,2008-10-28 02:20:11,2
40.010945,116.296645,2008-10-28 02:20:16,2
40.010891,116.296663,2008-10-28 02:20:21,2
40.010843,116.296678,2008-10-28 02:20:26,2
40.010791,116.296682,2008-10-28 02:20:31,2
40.010729,116.296704,2008-10-28 02:20:36,2
40.010674,116.29672,2008-10-28 02:20:41,2
40.01064,116.296728,2008-10-28 02:20:46,2
40.010615,116.296745,2008-10-28 02:20:51,2
40.010594,116.296797,2008-10-28 02:20:56,2
40.010591999999995,116.29686399999999,2008-10-28 02:21:01,2
40.010585,116.29690500000001,2008-10-28 02:21:06,2
40.010585999999996,116.29697900000001,2008-10-28 02:21:11,2
40.010594,116.29706100000001,2008-10-28 02:21:16,2
40.010601,116.29711100000002,2008-10-28 02:21:21,2
40.010619,116.29716100000002,2008-10-28 02:21:26,2
40.010646,116.297228,2008-10-28 02:21:31,2
40.010666,116.297296,2008-10-28 02:21:36,2
40.010669,116.297376,2008-10-28 02:21:41,2
40.010664,116.29743899999998,2008-10-28 02:21:46,2
40.01065,116.29750800000001,2008-10-28 02:21:51,2
40.010653999999995,116.297572,2008-10-28 02:21:56,2
40.010665,116.29765900000001,2008-10-28 02:22:01,2
40.010682,116.297726,2008-10-28 02:22:06,2
40.010692,116.29778400000001,2008-10-28 02:22:11,2
40.010666,116.29786200000001,2008-10-28 02:22:16,2
40.010645000000004,116.297946,2008-10-28 02:22:21,2
40.010646,116.29801100000002,2008-10-28 02:22:26,2
40.010646,116.29808700000001,2008-10-28 02:22:31,2
40.010684999999995,116.29818600000002,2008-10-28 02:22:36,2
40.010690000000004,116.29823999999999,2008-10-28 02:22:41,2
40.010721000000004,116.29829,2008-10-28 02:22:46,2
40.010749,116.298355,2008-10-28 02:22:51,2
40.010752000000004,116.298418,2008-10-28 02:22:56,2
40.010779,116.29846299999998,2008-10-28 02:23:01,2
40.01085,116.29851799999999,2008-10-28 02:23:06,2
40.010939,116.298624,2008-10-28 02:23:11,2
40.010925,116.298751,2008-10-28 02:23:16,2
40.010874,116.298906,2008-10-28 02:23:21,2
40.010852,116.29900900000001,2008-10-28 02:23:26,2
40.010815,116.299081,2008-10-28 02:23:31,2
40.010762,116.29916499999999,2008-10-28 02:23:36,2
40.010732,116.299231,2008-10-28 02:23:41,2
40.010689,116.299292,2008-10-28 02:23:46,2
40.010664,116.29936299999999,2008-10-28 02:23:51,2
40.010618,116.299454,2008-10-28 02:23:56,2
40.010554,116.299548,2008-10-28 02:24:01,-1
40.010513,116.299631,2008-10-28 02:24:06,-1
40.010476000000004,116.29970800000001,2008-10-28 02:24:11,-1
40.010442,116.299793,2008-10-28 02:24:16,-1
40.010434000000004,116.29984099999999,2008-10-28 02:24:21,-1
40.010479,116.29991100000001,2008-10-28 02:24:26,-1
40.010511,116.299949,2008-10-28 02:24:31,-1
40.010515000000005,116.29999699999999,2008-10-28 02:24:36,-1
40.010552000000004,116.300053,2008-10-28 02:24:41,-1
40.010595,116.300106,2008-10-28 02:24:46,-1
40.010609,116.300146,2008-10-28 02:24:51,-1
40.010604,116.300179,2008-10-28 02:24:56,-1
40.01059,116.30019899999999,2008-10-28 02:25:01,-1
40.010567,116.300225,2008-10-28 02:25:06,-1
40.010549,116.300228,2008-10-28 02:25:11,-1
40.010496,116.300261,2008-10-28 02:25:16,-1
40.010452,116.30031399999999,2008-10-28 02:25:21,-1
40.010388,116.300331,2008-10-28 02:25:26,-1
40.010335999999995,116.3004,2008-10-28 02:25:31,-1
40.010352000000005,116.300467,2008-10-28 02:25:36,-1
40.010378,116.30048300000001,2008-10-28 02:25:41,-1
40.01034,116.300531,2008-10-28 02:25:46,-1
40.010241,116.300578,2008-10-28 02:25:51,-1
40.010174,116.30067,2008-10-28 02:25:56,-1
40.010108,116.300753,2008-10-28 02:26:01,-1
40.01005,116.30081899999999,2008-10-28 02:26:06,-1
40.009977,116.300876,2008-10-28 02:26:11,-1
40.009910999999995,116.300954,2008-10-28 02:26:16,-1
40.009865000000005,116.300952,2008-10-28 02:26:21,-1
40.009788,116.30098899999999,2008-10-28 02:26:26,-1
40.009731,116.300979,2008-10-28 02:26:31,-1
40.009688,116.30099799999999,2008-10-28 02:26:36,-1
40.009644,116.300969,2008-10-28 02:26:41,-1
40.009606,116.30093600000001,2008-10-28 02:26:46,-1
40.009554,116.300937,2008-10-28 02:26:51,-1
40.009471999999995,116.300982,2008-10-28 02:26:56,-1
40.009387,116.300974,2008-10-28 02:27:01,-1
40.009353000000004,116.300949,2008-10-28 02:27:06,-1
40.0093,116.30094199999999,2008-10-28 02:27:11,-1
40.009246999999995,116.300924,2008-10-28 02:27:16,-1
40.009195,116.30089299999999,2008-10-28 02:27:21,-1
40.009145000000004,116.30086999999999,2008-10-28 02:27:26,-1
40.009089,116.30094299999999,2008-10-28 02:27:31,-1
40.009057,116.30098500000001,2008-10-28 02:27:36,-1
40.008983,116.301022,2008-10-28 02:27:41,-1
40.008877000000005,116.30106,2008-10-28 02:27:46,-1
40.008796999999994,116.30106299999998,2008-10-28 02:27:51,-1
40.008701,116.301023,2008-10-28 02:27:56,-1
40.008654,116.30098500000001,2008-10-28 02:28:01,-1
40.008672,116.300952,2008-10-28 02:28:06,-1
40.008672,116.300922,2008-10-28 02:28:11,-1
40.008635999999996,116.30091599999999,2008-10-28 02:28:16,-1
40.008577,116.300908,2008-10-28 02:28:21,-1
40.008522,116.300904,2008-10-28 02:28:26,-1
40.008435,116.300964,2008-10-28 02:28:31,-1
40.008359000000006,116.30101,2008-10-28 02:28:36,-1
40.008334000000005,116.301053,2008-10-28 02:28:41,-1
40.008297,116.301107,2008-10-28 02:28:46,-1
40.008214,116.301152,2008-10-28 02:28:51,-1
40.008145,116.301181,2008-10-28 02:28:56,-1
40.008137,116.301158,2008-10-28 02:29:01,-1
40.008129,116.301126,2008-10-28 02:29:06,-1
40.008107,116.30110900000001,2008-10-28 02:29:11,-1
40.008098,116.301096,2008-10-28 02:29:16,-1
40.008028,116.301105,2008-10-28 02:29:21,-1
40.007933,116.30113200000001,2008-10-28 02:29:26,-1
40.007832,116.301177,2008-10-28 02:29:31,-1
40.007697,116.301203,2008-10-28 02:29:36,-1
40.007579,116.301239,2008-10-28 02:29:41,-1
40.007495,116.30129099999999,2008-10-28 02:29:46,-1
40.007421,116.301349,2008-10-28 02:29:51,-1
40.007314,116.301401,2008-10-28 02:29:56,-1
40.00719,116.301433,2008-10-28 02:30:01,-1
40.00713,116.30141,2008-10-28 02:30:06,-1
40.007103,116.30138500000001,2008-10-28 02:30:11,-1
40.007059999999996,116.30136499999999,2008-10-28 02:30:16,-1
40.007037,116.301354,2008-10-28 02:30:21,-1
40.006993,116.30136599999999,2008-10-28 02:30:26,-1
40.006888000000004,116.301371,2008-10-28 02:30:31,-1
40.006849,116.301328,2008-10-28 02:30:36,-1
40.006793,116.30129299999999,2008-10-28 02:30:41,-1
40.006703,116.30128700000002,2008-10-28 02:30:46,-1
40.006669,116.30127399999999,2008-10-28 02:30:51,-1
40.006655,116.301255,2008-10-28 02:30:56,-1
40.006644,116.30121499999998,2008-10-28 02:31:01,-1
40.006648,116.30119499999999,2008-10-28 02:31:06,-1
40.00657,116.301184,2008-10-28 02:31:11,-1
40.006499,116.301202,2008-10-28 02:31:16,-1
40.006415000000004,116.301221,2008-10-28 02:31:21,-1
40.006357,116.301202,2008-10-28 02:31:26,-1
40.006308000000004,116.301157,2008-10-28 02:31:31,-1
40.006267,116.30113,2008-10-28 02:31:36,-1
40.006221000000004,116.301154,2008-10-28 02:31:41,-1
40.006184000000005,116.30119199999999,2008-10-28 02:31:46,-1
40.006157,116.301267,2008-10-28 02:31:51,-1
40.00614,116.30135600000001,2008-10-28 02:31:56,-1
40.006122999999995,116.301402,2008-10-28 02:32:01,-1
40.006084,116.301483,2008-10-28 02:32:06,-1
40.00607,116.301569,2008-10-28 02:32:11,-1
40.00606,116.301604,2008-10-28 02:32:16,-1
40.006068,116.30158999999999,2008-10-28 02:32:21,-1
40.006074,116.3016,2008-10-28 02:32:26,-1
40.006009000000006,116.301725,2008-10-28 02:32:31,-1
40.005982,116.301801,2008-10-28 02:32:36,-1
40.005978000000006,116.301824,2008-10-28 02:32:41,-1
40.005969,116.30183600000001,2008-10-28 02:32:46,-1
40.005948,116.301896,2008-10-28 02:32:51,-1
40.005921,116.301956,2008-10-28 02:32:56,-1
40.005921,116.301956,2008-10-28 02:32:59,-1
40.005917,116.30196399999998,2008-10-28 02:33:01,-1
40.005895,116.302047,2008-10-28 02:33:06,-1
40.005803,116.302199,2008-10-28 02:33:11,-1
40.005715,116.30231299999998,2008-10-28 02:33:16,-1
40.005795,116.302347,2008-10-28 02:33:21,-1
40.005852000000004,116.3024,2008-10-28 02:33:26,-1
40.005897,116.302406,2008-10-28 02:33:31,-1
40.005897,116.302406,2008-10-28 02:33:34,-1
40.005903,116.302399,2008-10-28 02:33:36,-1
40.005909,116.30236000000001,2008-10-28 02:33:41,-1
40.005879,116.302357,2008-10-28 02:33:46,-1
40.005858,116.302365,2008-10-28 02:33:51,-1
40.00582,116.30234899999999,2008-10-28 02:33:56,-1
40.005765000000004,116.302328,2008-10-28 02:34:01,-1
40.005709,116.302351,2008-10-28 02:34:06,-1
40.005665,116.30243999999999,2008-10-28 02:34:11,-1
40.005621999999995,116.30249599999999,2008-10-28 02:34:16,-1
40.005571999999994,116.30254199999999,2008-10-28 02:34:21,-1
40.005556,116.30258300000001,2008-10-28 02:34:26,-1
40.005541,116.30256999999999,2008-10-28 02:34:31,-1
40.005502,116.302586,2008-10-28 02:34:36,-1
40.005451,116.302645,2008-10-28 02:34:41,-1
40.005416,116.30271699999999,2008-10-28 02:34:46,-1
40.005410999999995,116.302761,2008-10-28 02:34:51,-1
40.005376,116.30283600000001,2008-10-28 02:34:56,-1
40.005373,116.302894,2008-10-28 02:35:01,-1
40.005352,116.30296799999999,2008-10-28 02:35:06,-1
40.005318,116.303017,2008-10-28 02:35:11,-1
40.005265,116.303068,2008-10-28 02:35:16,-1
40.005183,116.30314399999999,2008-10-28 02:35:21,-1
40.005138,116.303256,2008-10-28 02:35:26,-1
40.005072999999996,116.30344699999999,2008-10-28 02:35:31,-1
40.005029,116.30361299999998,2008-10-28 02:35:36,-1
40.005054,116.303688,2008-10-28 02:35:41,-1
40.005061,116.303776,2008-10-28 02:35:46,-1
40.004985999999995,116.303876,2008-10-28 02:35:51,-1
40.004861,116.303968,2008-10-28 02:35:56,-1
40.004765,116.304046,2008-10-28 02:36:01,-1
40.004715000000004,116.30410900000001,2008-10-28 02:36:06,-1
40.004677,116.304177,2008-10-28 02:36:11,-1
40.004663,116.30426200000001,2008-10-28 02:36:16,-1
40.004678999999996,116.304355,2008-10-28 02:36:21,-1
40.004671,116.304464,2008-10-28 02:36:26,-1
40.004696,116.304566,2008-10-28 02:36:31,-1
40.0047,116.30468,2008-10-28 02:36:36,-1
40.004753,116.304767,2008-10-28 02:36:41,-1
40.004798,116.30483400000001,2008-10-28 02:36:46,-1
40.00483,116.30490800000001,2008-10-28 02:36:51,-1
40.004863,116.30498600000001,2008-10-28 02:36:56,-1
40.004912,116.30504599999999,2008-10-28 02:37:01,-1
40.004908,116.305072,2008-10-28 02:37:06,-1
40.004862,116.305122,2008-10-28 02:37:11,-1
40.00484,116.30523000000001,2008-10-28 02:37:16,-1
40.004826,116.305323,2008-10-28 02:37:21,-1
40.004832,116.305375,2008-10-28 02:37:26,-1
40.004954999999995,116.30551799999999,2008-10-28 02:37:31,-1
40.005109999999995,116.305644,2008-10-28 02:37:36,-1
40.005196000000005,116.305705,2008-10-28 02:37:41,-1
40.005258000000005,116.30578600000001,2008-10-28 02:37:46,-1
40.005299,116.30586299999999,2008-10-28 02:37:51,-1
40.0053,116.30591899999999,2008-10-28 02:37:56,-1
40.005311,116.30598700000002,2008-10-28 02:38:01,-1
40.005316,116.306044,2008-10-28 02:38:06,-1
40.005322,116.30611100000002,2008-10-28 02:38:11,-1
40.005316,116.306164,2008-10-28 02:38:16,-1
40.005278999999994,116.30623,2008-10-28 02:38:21,-1
40.00522,116.306296,2008-10-28 02:38:26,-1
40.005215,116.306395,2008-10-28 02:38:31,-1
40.005249,116.30648300000001,2008-10-28 02:38:36,-1
40.005232,116.306569,2008-10-28 02:38:41,-1
40.005231,116.30666299999999,2008-10-28 02:38:46,-1
40.005245,116.306716,2008-10-28 02:38:51,-1
40.00522,116.30678600000002,2008-10-28 02:38:56,-1
40.00516,116.30683400000001,2008-10-28 02:39:01,-1
40.005086,116.306923,2008-10-28 02:39:06,-1
40.005006,116.30701200000001,2008-10-28 02:39:11,-1
40.004932000000004,116.30711299999999,2008-10-28 02:39:16,-1
40.00484,116.307202,2008-10-28 02:39:21,-1
40.004785999999996,116.307272,2008-10-28 02:39:26,-1
40.00473,116.307353,2008-10-28 02:39:31,-1
40.004719,116.30742,2008-10-28 02:39:36,-1
40.004671,116.307506,2008-10-28 02:39:41,-1
40.004635,116.30762800000001,2008-10-28 02:39:46,-1
40.004740000000005,116.307709,2008-10-28 02:39:51,-1
40.004816,116.3078,2008-10-28 02:39:56,-1
40.004898,116.307875,2008-10-28 02:40:01,-1
40.004905,116.307975,2008-10-28 02:40:06,-1
40.0049,116.308053,2008-10-28 02:40:11,-1
40.004888,116.30808200000001,2008-10-28 02:40:16,-1
40.004902,116.308093,2008-10-28 02:40:21,-1
40.005022,116.30811899999999,2008-10-28 02:40:26,-1
40.005015,116.30818300000001,2008-10-28 02:40:31,-1
40.004981,116.30823400000001,2008-10-28 02:40:36,-1
40.004943,116.308276,2008-10-28 02:40:41,-1
40.004907,116.308327,2008-10-28 02:40:46,-1
40.004870000000004,116.30836399999998,2008-10-28 02:40:51,-1
40.004843,116.30838,2008-10-28 02:40:56,-1
40.004812,116.308419,2008-10-28 02:41:01,-1
40.004781,116.30848700000001,2008-10-28 02:41:06,-1
40.004754,116.30856100000001,2008-10-28 02:41:11,-1
40.004670000000004,116.30861499999999,2008-10-28 02:41:16,-1
40.004583000000004,116.308655,2008-10-28 02:41:21,-1
40.004505,116.30868799999999,2008-10-28 02:41:26,-1
40.004435,116.308696,2008-10-28 02:41:31,-1
40.004373,116.308683,2008-10-28 02:41:36,-1
40.004339,116.308701,2008-10-28 02:41:41,-1
40.004286,116.30872,2008-10-28 02:41:46,-1
40.004234000000004,116.308741,2008-10-28 02:41:51,-1
40.004224,116.308725,2008-10-28 02:41:56,-1
40.004191999999996,116.30869299999999,2008-10-28 02:42:01,-1
40.004187,116.30864299999999,2008-10-28 02:42:06,-1
40.004176,116.308617,2008-10-28 02:42:11,-1
40.004141,116.30861100000001,2008-10-28 02:42:16,-1
40.004101,116.308633,2008-10-28 02:42:21,-1
40.004022,116.30871499999999,2008-10-28 02:42:26,-1
40.003904999999996,116.30878,2008-10-28 02:42:31,-1
40.003796,116.308862,2008-10-28 02:42:36,-1
40.003745,116.308957,2008-10-28 02:42:41,-1
40.003726,116.309044,2008-10-28 02:42:46,-1
40.003715,116.30910300000001,2008-10-28 02:42:51,-1
40.003673,116.309184,2008-10-28 02:42:56,-1
40.003603000000005,116.30932800000001,2008-10-28 02:43:01,-1
40.003586999999996,116.30945200000001,2008-10-28 02:43:06,-1
40.003617,116.309514,2008-10-28 02:43:11,-1
40.003657000000004,116.309514,2008-10-28 02:43:16,-1
40.003653,116.30955700000001,2008-10-28 02:43:21,-1
40.003659000000006,116.30963,2008-10-28 02:43:26,-1
40.003705,116.30968100000001,2008-10-28 02:43:31,-1
40.003761,116.30971799999999,2008-10-28 02:43:36,-1
40.003839,116.309743,2008-10-28 02:43:41,-1
40.003919,116.309793,2008-10-28 02:43:46,-1
40.003986,116.30984,2008-10-28 02:43:51,-1
40.00403,116.309868,2008-10-28 02:43:56,-1
40.004082000000004,116.309927,2008-10-28 02:44:01,-1
40.004134,116.309998,2008-10-28 02:44:06,-1
40.004168,116.310061,2008-10-28 02:44:11,-1
40.004197999999995,116.310097,2008-10-28 02:44:16,-1
40.004233,116.31016399999999,2008-10-28 02:44:21,-1
40.004265999999994,116.31023,2008-10-28 02:44:26,-1
40.004288,116.310299,2008-10-28 02:44:31,-1
40.004279,116.310381,2008-10-28 02:44:36,-1
40.004253999999996,116.310476,2008-10-28 02:44:41,-1
40.004259999999995,116.310533,2008-10-28 02:44:46,-1
40.004315999999996,116.310588,2008-10-28 02:44:51,-1
40.004342,116.31065500000001,2008-10-28 02:44:56,-1
40.004352000000004,116.310724,2008-10-28 02:45:01,-1
40.004388,116.310776,2008-10-28 02:45:06,-1
40.004407,116.31083799999999,2008-10-28 02:45:11,-1
40.004397999999995,116.310906,2008-10-28 02:45:16,-1
40.004378,116.31096699999999,2008-10-28 02:45:21,-1
40.004391999999996,116.311039,2008-10-28 02:45:26,-1
40.004399,116.311131,2008-10-28 02:45:31,-1
40.004387,116.31121999999999,2008-10-28 02:45:36,-1
40.004391,116.31132,2008-10-28 02:45:41,-1
40.004417,116.311399,2008-10-28 02:45:46,-1
40.004434,116.311495,2008-10-28 02:45:51,-1
40.004486,116.31158300000001,2008-10-28 02:45:56,-1
40.004505,116.311655,2008-10-28 02:46:01,-1
40.004511,116.311725,2008-10-28 02:46:06,-1
40.004540999999996,116.311801,2008-10-28 02:46:11,-1
40.004549,116.311875,2008-10-28 02:46:16,-1
40.004540999999996,116.31195,2008-10-28 02:46:21,-1
40.004529999999995,116.312028,2008-10-28 02:46:26,-1
40.004502,116.31206399999999,2008-10-28 02:46:31,-1
40.004397,116.31208899999999,2008-10-28 02:46:36,-1
40.004323,116.31216599999999,2008-10-28 02:46:41,-1
40.004337,116.312299,2008-10-28 02:46:46,-1
40.004341,116.312409,2008-10-28 02:46:51,-1
40.004352000000004,116.312397,2008-10-28 02:46:56,-1
40.004396,116.31238300000001,2008-10-28 02:47:01,-1
40.004412,116.31243500000001,2008-10-28 02:47:06,-1
40.0044,116.31250700000001,2008-10-28 02:47:11,-1
40.00438,116.31258400000002,2008-10-28 02:47:16,-1
40.004408000000005,116.312626,2008-10-28 02:47:21,-1
40.0044,116.31262199999999,2008-10-28 02:47:26,-1
40.0044,116.31262199999999,2008-10-28 02:47:29,-1
40.004407,116.312626,2008-10-28 02:47:31,-1
40.004403,116.31268899999999,2008-10-28 02:47:36,-1
40.004401,116.312767,2008-10-28 02:47:41,-1
40.004348,116.31290800000001,2008-10-28 02:47:46,-1
40.004315999999996,116.313073,2008-10-28 02:47:51,-1
40.004289,116.313268,2008-10-28 02:47:56,-1
40.004313,116.313442,2008-10-28 02:48:01,-1
40.00435,116.313612,2008-10-28 02:48:06,-1
40.004355,116.31378400000001,2008-10-28 02:48:11,-1
40.004355,116.313988,2008-10-28 02:48:16,-1
40.004341,116.314173,2008-10-28 02:48:21,-1
40.004355,116.314327,2008-10-28 02:48:26,-1
40.004378,116.31448799999998,2008-10-28 02:48:31,-1
40.004383000000004,116.31466699999999,2008-10-28 02:48:36,-1
40.004382,116.31484499999999,2008-10-28 02:48:41,-1
40.004382,116.31501899999999,2008-10-28 02:48:46,-1
40.004399,116.31519499999999,2008-10-28 02:48:51,-1
40.004396,116.315373,2008-10-28 02:48:56,-1
40.004374,116.31551599999999,2008-10-28 02:49:01,-1
40.004397999999995,116.315624,2008-10-28 02:49:06,-1
40.004437,116.31577,2008-10-28 02:49:11,-1
40.004476000000004,116.31588799999999,2008-10-28 02:49:16,-1
40.00452,116.31602099999999,2008-10-28 02:49:21,-1
40.004543,116.31616100000001,2008-10-28 02:49:26,-1
40.00455,116.316296,2008-10-28 02:49:31,-1
40.004554999999996,116.31643700000001,2008-10-28 02:49:36,-1
40.004546000000005,116.316581,2008-10-28 02:49:41,-1
40.004542,116.316705,2008-10-28 02:49:46,-1
40.004546999999995,116.316826,2008-10-28 02:49:51,-1
40.004552000000004,116.316976,2008-10-28 02:49:56,-1
40.004535,116.317118,2008-10-28 02:50:01,-1
40.004536,116.317274,2008-10-28 02:50:06,-1
40.00455,116.317435,2008-10-28 02:50:11,-1
40.004566,116.317543,2008-10-28 02:50:16,-1
40.004573,116.317673,2008-10-28 02:50:21,-1
40.004568,116.31777199999999,2008-10-28 02:50:26,-1
40.004571,116.31790500000001,2008-10-28 02:50:31,-1
40.004598,116.318021,2008-10-28 02:50:36,-1
40.00459,116.31815700000001,2008-10-28 02:50:41,-1
40.004560999999995,116.318324,2008-10-28 02:50:46,-1
40.004557,116.318475,2008-10-28 02:50:51,-1
40.00458,116.31865,2008-10-28 02:50:56,-1
40.004609,116.318823,2008-10-28 02:51:01,-1
40.004609,116.319001,2008-10-28 02:51:06,-1
40.004606,116.319131,2008-10-28 02:51:11,-1
40.004598,116.319298,2008-10-28 02:51:16,-1
40.004571,116.319449,2008-10-28 02:51:21,-1
40.004554999999996,116.319578,2008-10-28 02:51:26,-1
40.004549,116.31969199999999,2008-10-28 02:51:31,-1
40.00456,116.319852,2008-10-28 02:51:36,-1
40.004591,116.32001699999999,2008-10-28 02:51:41,-1
40.004636,116.32017900000001,2008-10-28 02:51:46,-1
40.004677,116.320343,2008-10-28 02:51:51,-1
40.004694,116.32050600000001,2008-10-28 02:51:56,-1
40.004715999999995,116.320668,2008-10-28 02:52:01,-1
40.004738,116.320816,2008-10-28 02:52:06,-1
40.004736,116.320971,2008-10-28 02:52:11,-1
40.004690999999994,116.32111499999999,2008-10-28 02:52:16,-1
40.004630999999996,116.32127,2008-10-28 02:52:21,-1
40.004563,116.321347,2008-10-28 02:52:26,-1
40.004602,116.321349,2008-10-28 02:52:31,-1
40.004635,116.32131299999999,2008-10-28 02:52:36,-1
40.004575,116.321297,2008-10-28 02:52:41,-1
40.004511,116.321277,2008-10-28 02:52:46,-1
40.004435,116.32126000000001,2008-10-28 02:52:51,-1
40.004334,116.32121699999999,2008-10-28 02:52:56,-1
40.004222999999996,116.32121000000001,2008-10-28 02:53:01,-1
40.004064,116.321265,2008-10-28 02:53:06,-1
40.00391,116.32123700000001,2008-10-28 02:53:11,-1
40.003772999999995,116.321197,2008-10-28 02:53:16,-1
40.003682,116.321177,2008-10-28 02:53:21,-1
40.00357,116.32128,2008-10-28 02:53:26,-1
40.003443,116.321293,2008-10-28 02:53:31,-1
40.003282,116.321317,2008-10-28 02:53:36,-1
40.003102,116.32133600000002,2008-10-28 02:53:41,-1
40.002964,116.321385,2008-10-28 02:53:46,-1
40.002846000000005,116.321403,2008-10-28 02:53:51,-1
40.002686,116.321405,2008-10-28 02:53:56,-1
40.002569,116.321404,2008-10-28 02:54:01,-1
40.002399,116.321444,2008-10-28 02:54:06,-1
40.002297,116.321468,2008-10-28 02:54:11,-1
40.002190999999996,116.32146499999999,2008-10-28 02:54:16,-1
40.002063,116.32146399999999,2008-10-28 02:54:21,-1
40.001933,116.321454,2008-10-28 02:54:26,-1
40.001815,116.321418,2008-10-28 02:54:31,-1
40.001758,116.321401,2008-10-28 02:54:36,-1
40.001717,116.321366,2008-10-28 02:54:41,-1
40.001604,116.321321,2008-10-28 02:54:46,-1
40.001402,116.321335,2008-10-28 02:54:51,-1
40.001238,116.32137900000001,2008-10-28 02:54:56,-1
40.001089,116.32141100000001,2008-10-28 02:55:01,-1
40.000873,116.321494,2008-10-28 02:55:06,-1
40.000688000000004,116.32157099999999,2008-10-28 02:55:11,-1
40.000452,116.321652,2008-10-28 02:55:16,-1
40.000264,116.321692,2008-10-28 02:55:21,-1
40.000113,116.32168300000001,2008-10-28 02:55:26,-1
39.999990999999994,116.32171899999999,2008-10-28 02:55:31,-1
39.9999,116.32176799999999,2008-10-28 02:55:36,-1
39.999817,116.32188700000002,2008-10-28 02:55:41,-1
39.999736999999996,116.32213899999999,2008-10-28 02:55:46,-1
39.999701,116.322322,2008-10-28 02:55:51,-1
39.999638,116.32254099999999,2008-10-28 02:55:56,-1
39.999584000000006,116.322731,2008-10-28 02:56:01,-1
39.999536,116.322915,2008-10-28 02:56:06,-1
39.999509,116.32308300000001,2008-10-28 02:56:11,-1
39.999465,116.323272,2008-10-28 02:56:16,-1
39.999435,116.323453,2008-10-28 02:56:21,-1
39.999417,116.32361999999999,2008-10-28 02:56:26,-1
39.999411,116.323761,2008-10-28 02:56:31,-1
39.999392,116.323872,2008-10-28 02:56:36,-1
39.999407,116.32398700000002,2008-10-28 02:56:41,-1
39.999378,116.324123,2008-10-28 02:56:46,-1
39.999417,116.324298,2008-10-28 02:56:51,-1
39.999466999999996,116.32436000000001,2008-10-28 02:56:56,-1
39.999472,116.324353,2008-10-28 02:57:01,-1
39.999472,116.324353,2008-10-28 02:57:04,-1
39.999466,116.324348,2008-10-28 02:57:06,-1
39.99946,116.32432800000001,2008-10-28 02:57:11,-1
39.999445,116.32432800000001,2008-10-28 02:57:16,-1
39.9995,116.32433999999999,2008-10-28 02:57:21,-1
39.999557,116.324312,2008-10-28 02:57:26,-1
40.007635,116.31963600000002,2008-10-28 05:03:02,-1
40.007813,116.319648,2008-10-28 05:03:07,-1
40.007682,116.319629,2008-10-28 05:03:12,-1
40.007517,116.31943799999999,2008-10-28 05:03:17,-1
40.007417,116.31931499999999,2008-10-28 05:03:22,-1
40.007359,116.31926299999999,2008-10-28 05:03:27,-1
40.007343,116.319251,2008-10-28 05:03:32,-1
40.007318,116.319273,2008-10-28 05:03:37,-1
40.007298,116.31928500000001,2008-10-28 05:03:42,-1
